country,age,gender,education,income,social_trust,health,job_Security,work_life_balance,political_engagement,life_satisfaction,happiness,year
Sweden,23,Other,Secondary,24402,9.755600999282345,9.398704170722867,1.856534259425704,5.940385502628734,5.517176644927208,4.049942484699641,1.7127950974358863,2023
Norway,76,Male,Tertiary,55505,4.844022670712583,3.1823057566943524,6.308517779901668,1.323545396741982,5.539776710347217,3.8186540515459955,9.653576103214528,2023
Italy,52,Female,Secondary,70583,8.912942980396291,8.107357183462966,8.963645222818503,8.418514296677953,2.780178839213554,4.5426700000925635,2.884156291932004,2023
Poland,58,Other,Secondary,58551,1.498023511160017,5.980455971336275,3.2879639659152526,4.68728824521626,7.993782694138433,9.107479125604113,8.60563783223193,2023
UK,71,Male,Primary,49426,7.8906874808954965,1.5862362778424899,0.23539033205736248,6.747382473521713,6.415155943364547,5.60667015008338,6.4093880995151356,2023
Germany,71,Male,Secondary,32870,5.274675300782146,6.185383224736202,8.077911136427712,3.0418997392987035,8.778568401687922,3.182157168107235,8.96671361905539,2023
France,67,Other,Primary,26635,3.8030161014991624,1.2198644590099605,4.561992774416126,2.69910357058168,4.250212648082531,3.0076642925334376,8.89730242901781,2023
UK,73,Female,Tertiary,76569,4.042452523607435,6.0022878820253665,8.584370152405164,6.101540298171679,6.54590276438149,1.6241234789987047,0.08890697249070545,2023
Netherlands,43,Female,Tertiary,53750,0.42318048755562887,4.186461108876224,4.1767723153921,5.736638439148668,6.516819184962545,8.00423767963032,6.636379221520472,2023
UK,59,Male,Tertiary,63023,8.222577859333374,1.5618252676768685,7.81107951053429,5.976553668291302,4.964324945387574,5.846879589506207,3.585949911675078,2023
Sweden,71,Male,Secondary,84062,2.43568955925289,0.25905624801832894,0.78338405709792,8.746881574343222,9.498356900867083,5.04936760390653,4.792909511099301,2023
Italy,41,Female,Primary,68434,6.608737234400389,1.6530660607953518,6.70640287386531,8.122309442450984,9.377650057723505,6.841131584945157,4.007645285222331,2023
Norway,44,Other,Tertiary,82818,2.6309077963373264,1.5974178056091604,4.738472887843807,9.004587952734177,0.09636837013141553,6.525222095757048,0.6557353303168612,2023
Spain,18,Other,Tertiary,38835,9.728132024142042,0.11471824903276473,0.47891026502464684,0.7515924737242563,6.774028534879937,6.862018605980262,3.743557183845697,2023
Norway,21,Female,Secondary,59001,6.594081787346005,7.750602372727135,7.844245443192854,0.2467411300702349,1.5578935982210873,6.600010311582559,8.864854223461064,2023
France,60,Female,Secondary,62298,5.9745945606281134,6.8893045633254255,4.467896651143212,3.012246753101037,8.23641063068417,7.827567702690108,8.659021970731386,2023
Spain,43,Female,Tertiary,38198,3.8059958589701037,5.875961616101012,5.428371052840019,5.775622415373437,4.102498411898614,2.036886776250663,9.640722440141529,2023
Norway,79,Female,Secondary,17123,2.8312498360877925,8.69093315550791,6.058811811475911,6.649457189307486,4.070969877890299,1.364599904842334,4.459375474438703,2023
UK,62,Other,Secondary,37523,4.851576042601992,5.826765603664098,8.121751543623654,6.512938167473513,7.26985455057611,9.01306731552381,5.465962873817739,2023
Germany,18,Other,Primary,47910,0.1252183094962045,4.36020346063977,6.952388031138201,3.79109929878041,3.2681165209489804,5.769143178450728,1.7505876409103982,2023
France,20,Other,Primary,78839,2.296767264719264,1.4376112466943403,2.6007308617306615,0.6707938581172723,9.354363264580979,4.531581860627716,9.605008719249653,2023
Netherlands,76,Female,Tertiary,43645,3.560486567809913,1.3489530103191216,2.3192135253064947,9.341062315677837,2.2045450754808025,8.805865858201166,7.190299434457264,2023
Finland,48,Female,Primary,41271,9.618906127131769,7.449370511038654,1.5323837816428554,2.354937960688648,9.585384909426594,1.5625271268812113,8.115696969083666,2023
France,71,Female,Tertiary,17697,4.709555749437126,6.303992764606701,8.644780281270503,9.841393460850366,5.709509080065542,7.836965928767024,6.785205411262857,2023
France,54,Female,Primary,17831,7.399103052092011,1.584824038433491,4.266355645928841,9.176425461787117,1.1394771664140646,5.306449646813487,2.1966497010139605,2023
Norway,29,Female,Primary,81512,1.2473369079618957,2.5327976490035367,6.377153422514547,2.6915393034396162,7.33510002429552,8.07645486979578,3.999643254260219,2023
Germany,47,Male,Primary,75237,0.44147621865729403,9.640816934928454,1.3283360866013394,6.352594587049101,6.935226741699515,2.5083797916607953,3.122731926190329,2023
Italy,22,Other,Primary,23492,8.687600515270745,7.585285087552894,1.0764871063110615,7.043630777892387,1.0129403082924482,3.344486715299586,7.5645552882313725,2023
Finland,62,Male,Secondary,89232,3.215671839609721,4.605018131481153,8.31535684135572,7.7271570670130005,4.060283732158847,5.409222925739861,5.091027351603113,2023
Germany,69,Female,Primary,95058,1.183361747022642,1.9577637200247644,5.174815050706067,7.335979112008705,3.3656229539132565,9.788330387393335,6.853618328685844,2023
Spain,64,Female,Secondary,45793,4.027751520571812,7.654625453360289,2.481413310740125,6.6762228530063,0.18211355109380656,8.742855862288835,8.148458863180068,2023
Finland,34,Other,Secondary,64460,1.8377333441338395,0.14854309659107168,5.4730977837737536,0.8369527440392555,5.428216480572359,7.437710497781706,5.182380473316105,2023
Netherlands,21,Male,Primary,73804,8.130912024902269,0.8932062031214005,7.27524884928414,4.783817829714618,6.218795016606049,4.784146473014216,5.094690725876343,2023
Sweden,22,Female,Primary,98454,2.3083862904617156,9.900059543907561,7.180276952757248,2.0059290152096976,4.39523933361901,8.07268613539105,5.964244011917249,2023
Norway,55,Other,Secondary,14898,6.752442646167198,1.9784815362989638,7.286667023047495,2.882374945225683,2.2859290493131645,9.8307810012817,2.229636738490851,2023
Spain,28,Male,Secondary,89950,9.163658736854872,7.859688513825251,4.272239328572257,8.801304533733385,0.9998436502921959,1.4328282284459493,0.4306052385644077,2023
Finland,63,Male,Secondary,98037,5.781701486440785,6.625058291500341,5.0226318980682905,9.660462997636913,2.289981363843623,7.420123127767683,6.466743198169267,2023
Poland,49,Female,Tertiary,52869,8.656882859981605,0.4883891586685163,7.223347903156193,7.7958999360494206,1.7903614099427578,6.018188349228971,3.869500714830031,2023
Germany,70,Male,Tertiary,34704,5.315890492231857,5.435289592420388,0.2692119746463584,7.999269508861623,5.201746812785527,0.9100186262933374,1.1878701301342887,2023
Italy,61,Female,Secondary,80468,9.2275518153368,0.3083508903138954,7.7932284127301585,2.8235529133254933,2.079336666907552,1.596837350514877,4.911012770443274,2023
Italy,68,Male,Tertiary,86220,0.7297150555777843,9.916646185304213,8.92212265044531,3.730916391197084,3.3078585106155156,9.191055616270514,1.5618501664249163,2023
UK,69,Other,Tertiary,87521,9.282352568903473,5.500347444923689,4.005080010181626,2.489661429925599,2.9665443641393674,3.0262097094354488,1.1995209552782127,2023
Spain,74,Other,Primary,70720,7.9871268801286055,8.381831329726616,1.5745677626408605,6.676225901000637,5.824671044849497,5.783043510211776,5.8247619542271645,2023
France,23,Female,Secondary,31593,4.469738766904941,7.585247877043942,9.182845824749196,0.4125568286981962,4.550792161739921,6.554122368998808,1.115155386375637,2023
France,36,Other,Secondary,99007,5.620934235145865,2.1326765426910796,1.9818941936815704,4.355042275408896,3.1586750657727247,2.8210426998747318,1.3223804774741321,2023
Finland,71,Male,Primary,56687,0.29519871090120886,5.648008760056687,4.046116975826196,5.162426699481094,3.332540343422777,0.6063706241875433,7.04950222427955,2023
Spain,26,Male,Tertiary,73789,1.3427290452926,5.202051027035644,4.202321352867994,0.16451668513372542,5.641846162289891,2.8672657657928227,0.523375637950696,2023
France,69,Male,Primary,81880,6.921307365052932,9.985259785269706,9.823520085018052,1.7163250925654328,8.836151036294298,8.347927482685355,7.1417037385357816,2023
Norway,22,Other,Secondary,92318,8.150450889146798,2.32512982610263,3.5244959744301143,9.049227544501786,6.189146639481894,1.5446257656484064,9.28142695139994,2023
UK,46,Male,Tertiary,75383,2.1408542241494475,2.2439487734796035,7.393492386277516,3.8639502143854654,0.22956470134164242,7.016962983602762,8.052521659012832,2023
Spain,60,Male,Tertiary,78108,0.057783080855812186,3.5967301427349065,5.134395336532226,3.915983994275063,5.1805833637370355,4.423659439553411,0.38756590269590774,2023
Norway,78,Female,Tertiary,13518,1.5896322789956796,7.924477003876117,4.0299057265601315,5.239891983528394,1.7620651879045834,9.617614840480215,7.680453770091752,2023
Netherlands,77,Male,Primary,89824,9.455805037130341,1.7107045057033454,1.5082984390295173,4.261204879873992,3.1305560350719395,5.394538262747189,0.4406130695646904,2023
France,43,Other,Secondary,62110,1.5721527503602162,6.759595590264457,6.898182941825955,3.8559176587924915,8.310793008175825,6.6609461771103975,7.627858328967104,2023
Netherlands,37,Female,Tertiary,61631,9.5144090739817,0.9128241988168162,7.360932772631593,1.9580288945767088,9.197367434245956,1.788480871320428,3.670361433340472,2023
Norway,39,Other,Secondary,30611,8.519631111319676,7.119857929233403,9.618665009868453,4.579756422355454,1.1080708609797996,2.3104651823379765,6.33421655276657,2023
Italy,77,Female,Primary,46910,5.219184597518805,9.535469612194822,1.7573727774306147,2.761376795164759,8.541605678925041,6.325389645831522,7.489524707085139,2023
Sweden,68,Male,Primary,48361,5.585487943028198,8.7967388670357,4.570609483455255,3.8845755484225277,2.2260389827043503,7.2399452613416235,0.35990035858186387,2023
Sweden,48,Male,Primary,58712,0.5630312895180678,5.033479883841601,4.965008307488049,9.182269790723192,4.912230870330822,1.8221231121500614,9.822017616750191,2023
Poland,53,Other,Tertiary,82358,8.349081760938134,4.857303816245153,0.5666964791933415,8.307021925282397,1.796830672505536,7.3104165617844945,3.23325407608574,2023
Germany,73,Other,Primary,88444,7.08617067399954,9.441646423319934,1.0536697291047137,7.542803116114975,4.280579907002835,3.995019869496966,5.787554112583041,2023
Finland,30,Female,Secondary,11474,7.22137195230513,2.1596289869665632,5.258685717593811,0.707272652344344,7.736967251960799,4.237260899507821,0.43714725904065554,2023
Spain,30,Male,Primary,35780,9.272778893057822,1.2170177184592768,4.556217651566382,7.5231843443862525,5.96359269133251,3.5250509165774746,9.135441039725379,2023
Netherlands,64,Female,Primary,74061,3.8340460752001304,7.883996298076984,3.051529413376456,5.723430725651795,5.335185389714603,6.517420162753261,6.716001597605286,2023
Finland,41,Other,Secondary,95908,1.2966918385868653,8.465820182659671,8.476216493203424,2.934105609142877,4.691360563202088,9.190535820888526,8.267018664325775,2023
Netherlands,56,Male,Secondary,86459,4.593054707359593,3.621252141408844,0.5339073692976803,6.766171753650175,4.764808893451842,0.29017308020351185,3.5807126272507626,2023
Finland,67,Male,Primary,14519,4.9848130888643905,5.746621783609076,5.775494559164661,7.050318488522482,7.84233563581579,4.781143373636723,1.5966144537839544,2023
Italy,77,Female,Secondary,90584,1.484164245026952,9.525562010810882,7.89196779680089,9.95795395876394,5.983268484936229,4.221650957970429,4.42320774315279,2023
France,34,Female,Tertiary,20178,0.4232953684069152,5.828536917062551,4.772570599149752,5.207275014783006,0.4782889978721794,9.269399337681644,8.854821843938685,2023
Finland,51,Other,Primary,92435,8.937339886780485,7.178662288742155,0.35390916355915625,7.728542332572718,0.06496646651531712,5.784840950811159,2.675488228843723,2023
Finland,58,Male,Secondary,71201,5.851019610565329,9.5980769586434,2.6145654420714615,6.724709424928681,6.485889787568859,4.554526123546514,0.23962081218542264,2023
Norway,73,Other,Tertiary,32908,9.68322841195919,3.271865595341109,5.200364381588985,8.781158736463047,0.5052163735555049,8.26912969028157,9.803749586813039,2023
Sweden,64,Male,Secondary,45886,3.603968151903816,3.64012335393428,5.472152344052125,0.9808078478853244,9.951040176450988,6.505310576247045,1.4053120928479823,2023
Norway,20,Other,Secondary,16326,4.852615840704846,7.9307540318689504,2.496200643565113,7.8925602025617785,1.894539244752037,1.103921340803783,5.638685145072269,2023
Germany,70,Male,Secondary,46324,1.963330380769337,3.425549785533132,1.1001966952363496,4.4667053088497,0.7788048314502183,6.003190952884495,5.212416913065847,2023
Norway,50,Male,Primary,65639,3.2427948721661526,3.40077899794088,2.2601467498460934,1.34558134698761,8.860444340208804,3.3050357665144805,8.469588880814213,2023
Netherlands,25,Other,Secondary,89634,2.382714815203265,9.516674467700565,8.218738355167588,8.616145717924766,1.3214897898162803,0.9301045146622822,3.9120127514708267,2023
France,59,Male,Tertiary,13993,6.396003933846095,6.953043388220866,7.130692185031301,0.2083118313773824,0.8823650899891955,3.0403677194681675,1.3319512593679317,2023
France,69,Female,Tertiary,45588,1.9460710499639478,8.80347317694672,5.11136886751197,1.7355339256130409,9.826968184778549,5.320262851705878,8.039004024924205,2023
Netherlands,74,Female,Secondary,55852,0.5369631057191881,1.5433285493859805,4.396445020310258,4.106263275172234,4.943784245210059,5.633889839204426,3.0156947281763524,2023
Poland,66,Female,Primary,65010,2.6718394527473164,0.015375825711466673,2.5694254943078643,1.1819794359242375,6.519515662006715,0.17273030332262684,0.8788206642653551,2023
France,47,Other,Tertiary,30256,8.593290273107465,6.585597685264747,7.044538993211881,4.608795431558557,6.3683737691904785,9.769082841600815,8.294159125120878,2023
Spain,19,Other,Tertiary,18346,7.785293833439379,8.640318018259117,9.033189523638947,7.280164685913065,6.688633058363137,4.687611792122083,4.714054582224815,2023
Norway,57,Female,Primary,98853,0.2659600178353705,6.906476332189866,9.892259230610076,8.415373439018833,4.456300464877353,6.79921585760918,5.738892749152294,2023
Germany,74,Other,Tertiary,48045,6.337636703195708,3.439681257452566,1.5500456560238263,1.8482508682268006,2.283983626957359,5.001023329602301,3.8663599862250155,2023
Spain,23,Other,Secondary,24200,4.1065559573022785,6.911695627377114,2.1596298454754894,2.783798888739221,1.8235708255166416,5.315740995131115,1.7501226314544782,2023
Norway,62,Other,Primary,29757,1.4861154655105335,4.6262308810408985,2.271506359075416,8.870022778612658,8.48267673312129,6.906635266696338,5.5811423294621285,2023
Netherlands,30,Male,Primary,37253,9.293031993202257,1.2627843074421563,5.867782508242491,8.77614004112475,4.766836335334834,4.709948219144802,8.076669530172564,2023
Norway,41,Male,Secondary,74990,6.080717134701885,6.647647675605931,1.510514740319684,1.5272345632565132,0.8715775533151615,1.3564351198618962,9.082071341661887,2023
France,43,Male,Secondary,67045,1.523108018278695,9.63048920171723,6.229850754578209,4.080189364199551,4.944794181181065,5.466884156597114,3.669906257380746,2023
Norway,23,Other,Primary,55289,6.736066468606153,4.434240306542065,2.0638613065614644,0.2867675300695216,1.9235054582199929,9.430882303695219,7.053408111543061,2023
Spain,53,Other,Primary,40630,1.1659119936437978,0.08348661039195626,2.1179965197989556,8.368312743839628,6.850662938826904,8.273205775801978,5.728647722317848,2023
Germany,30,Female,Primary,52143,5.962976871961825,9.069232098436503,1.5020862913625899,9.62057637004943,0.5890094322781558,9.925109742828345,8.454203651866278,2023
Netherlands,58,Male,Tertiary,63853,5.946773240670092,8.019912795685464,3.3018722320838165,3.2468009314092674,6.375821973324738,7.088884200462127,4.461859638993446,2023
Germany,57,Male,Tertiary,71716,7.647786908091204,1.9685787648337583,7.163115169968545,5.263916170988918,3.613970443840583,0.21840147092323625,8.485391423579085,2023
Sweden,33,Other,Primary,83347,3.524210988711498,7.052708902543258,1.1219042117963818,2.1190090251761164,4.713890248022995,8.001811275597014,6.2306617035409655,2023
France,79,Male,Secondary,38722,0.19680708756802723,7.749232460064482,3.1541932056102495,5.233842859975047,9.001086297462308,3.330170185662038,5.399492804769875,2023
Sweden,56,Male,Primary,40375,0.1465800300122344,8.045127373680515,0.9159664070961882,7.915855343167131,7.082274360312471,7.482522438679064,1.9853082171895353,2023
Italy,31,Other,Tertiary,19524,6.939843005205098,5.387326375729434,4.116036254230392,0.9892147792672967,3.63379382697223,2.6635370155334437,6.461866924441516,2023
Spain,32,Male,Secondary,79152,2.712937319674592,8.15370593767858,0.7556815607915701,1.5628934489394208,0.5580995984963677,8.856077622270144,4.005166064382827,2023
Italy,56,Other,Secondary,93817,7.253730754394727,6.097559605403032,3.9432248178968097,4.058191819022988,9.057114940482876,5.253833987167404,6.203256184420517,2023
Italy,72,Other,Primary,38959,7.841428171729804,2.586276095108034,0.3968419635129927,0.9259552097982215,9.224412026362538,8.85996732701122,8.379144015001255,2023
Italy,46,Other,Secondary,76636,9.504560053254602,9.833677791788313,8.087956141475928,2.8782121227888977,3.577891019627443,1.783304027950715,7.463593698752896,2023
UK,22,Other,Secondary,32413,8.378480296719951,5.391969239211958,6.255334334744427,0.20108532061807405,1.8428602832114416,4.0954004433017275,3.19824480304308,2023
UK,36,Female,Secondary,20622,7.327864734575319,5.003058541120638,1.7281675452277412,1.6787011929961837,2.24157551138068,2.9143737867711272,8.966584404882447,2023
UK,61,Other,Tertiary,10254,7.025097854645621,5.221560431457728,1.7112787064704404,2.887517498478002,2.6084241056568858,6.130671229977534,1.4058758945425798,2023
France,59,Female,Primary,76577,2.6189834699974144,9.094702081966243,0.8772470969789647,1.657724615725531,8.830419583222728,5.7771462201044885,9.81037608800188,2023
Germany,18,Female,Tertiary,59828,5.686661739740082,6.94306000138517,4.43722264441801,4.647144086475902,5.646970484138558,9.550104406401145,7.876896848511484,2023
Spain,67,Female,Secondary,22148,3.537867584364527,1.5782098570483127,1.570503825631947,8.426186851943902,5.5327095407176365,0.868048735810939,0.8918910063837582,2023
Germany,67,Male,Secondary,26102,4.869607039076299,1.1541979004327596,3.3115626306341595,1.3403367720011627,8.941937515525163,5.291920172006115,8.53171930372633,2023
Poland,52,Female,Tertiary,77372,1.8396030980667166,1.9003310534245388,6.391875470984447,1.6516193382719047,8.557623502565574,2.301971196204118,0.6083656589878539,2023
Finland,76,Other,Tertiary,62239,0.0352843605621056,8.278518426769562,7.94124089791159,0.15293964259490256,8.822779381796554,7.303757839097358,1.3794806867894926,2023
Germany,56,Other,Secondary,94913,1.857219080688658,2.504613280641755,7.856602757791096,9.631763828003232,7.0953781946883145,7.581581011900394,5.4910832933884155,2023
Finland,67,Female,Secondary,35923,8.251145498139294,5.967310320232003,6.034572080373108,1.6279019741554956,4.754893927395973,8.414552570262648,1.8892290691752511,2023
Netherlands,35,Male,Tertiary,79173,1.7295128570111717,4.05867388508158,2.2070860082025643,8.1764136561906,5.594565451496875,6.451481992324542,0.5012360945112115,2023
Netherlands,63,Male,Tertiary,28231,1.384439331802787,0.6249370846853985,2.8998934601387374,9.290106653792872,9.870153788175982,5.066301251258258,6.3722515742408365,2023
Spain,54,Other,Secondary,10810,0.7688987186495855,2.462088051914204,7.434559041789077,5.744653218349675,5.469984578036758,3.021178485130993,2.0363514296625453,2023
Finland,59,Other,Tertiary,89809,9.964734777495568,4.403955101047568,1.9414176598138333,2.3739096761833545,5.939471032431416,8.37327208433065,8.641459795245499,2023
Sweden,27,Other,Primary,24968,0.8385432326376563,6.957892352763286,0.8705775692830287,2.6743824790574546,3.990264117761677,6.176234812520892,4.2537006042512795,2023
Finland,28,Other,Tertiary,32276,4.53532757346574,6.030497257794324,5.093995920229491,3.2248416534923563,7.587582181910503,7.286528817383289,5.824637672910558,2023
Finland,75,Male,Primary,49202,6.957382973008039,9.636327644656715,0.15795114512074493,8.799244754295698,8.794053379908101,3.0899158063089627,7.291436966267444,2023
UK,19,Other,Tertiary,84569,9.169055722230699,4.599094848307535,3.436347842536555,5.7952546888823555,0.3906138982197549,2.9562491425418944,5.7908278876411305,2023
Norway,73,Female,Primary,31013,3.9833363142725875,0.299000100211374,7.092801786377349,7.9508030557071505,2.300495104764674,7.340483980580753,1.476952611467689,2023
Sweden,53,Male,Secondary,78212,0.1917397598322912,9.969235198470654,1.6010125381315266,0.12813107515107558,1.379635049020732,3.572914719608713,7.911634310878179,2023
Sweden,44,Female,Primary,37452,5.438038110059859,3.3279962158603906,2.500588425941684,6.214719163111244,8.674803758887366,6.010652626158465,9.704838079317668,2023
Germany,59,Other,Tertiary,36351,9.847890377140358,3.5826405230368663,0.7934255857999906,5.710234541728942,1.5024178821338985,6.111997878498137,9.14556028951447,2023
UK,33,Other,Primary,64318,7.381002776708131,0.928102900708947,1.7578741228058048,2.559362568101272,6.70798256529906,9.081243908335097,4.285017533485175,2023
Poland,59,Female,Secondary,45058,9.048953916217927,4.719682484737161,3.733734521367712,4.186509708206703,4.100600695931615,0.6308564292728847,7.63483735415663,2023
Netherlands,31,Female,Primary,91216,8.131309472126954,5.919700236847908,6.742106004974344,8.517195654649823,3.0097569516819025,7.125472562971678,2.0756634966746734,2023
Sweden,37,Female,Primary,39367,7.497405302548573,4.766353705591536,7.126417168651841,2.5889183515641614,6.672903055918082,6.271878876805172,4.888316568647154,2023
Germany,31,Other,Tertiary,93981,5.710644185873679,1.2817817834108525,2.2798659030983117,3.033807697735411,7.733561903238369,8.132965464730963,7.697747678308023,2023
France,61,Female,Secondary,24072,6.162631565413554,8.689812098308767,6.811491552204393,4.5574510979489835,0.08668662562749674,8.772977855687422,1.213062846077675,2023
Germany,60,Other,Primary,13009,3.405289490368272,4.767790698117866,4.324451414904441,0.8192305613610007,4.961924194781312,4.841956091968815,4.950989905701643,2023
Finland,51,Other,Secondary,32508,8.87039786926865,4.144516201464401,0.5361333559569292,3.418648647708106,7.948134093256096,9.788219082156386,8.263287032623333,2023
Sweden,49,Male,Primary,45643,8.026735970125902,1.6274524069220275,1.7033970566048828,7.226623003518791,7.161510215479582,8.902923256880333,7.962452632126739,2023
Sweden,75,Other,Secondary,89473,6.344120916024344,4.445305966121897,6.09931952587065,1.7358611675181779,0.9662188828793083,4.927232636541552,1.117766505729283,2023
Norway,53,Female,Tertiary,40543,0.17491104979579175,2.386995907540923,6.84120517926961,0.5606339239104452,3.3331701482809892,8.287199035361215,2.5495093773690636,2023
UK,50,Female,Secondary,72185,3.668805254465095,6.9096205340036665,1.2908813496697569,3.754734085196697,8.544133097920113,0.7992392218459143,3.1360320457562043,2023
France,20,Other,Secondary,73057,8.027361347396882,9.464163997556895,3.0631527265797143,6.402454435350611,7.344068484578667,4.021787135312639,4.1390501244612965,2023
Spain,60,Other,Tertiary,34735,5.139869943984844,0.8229549303722283,4.225112884964539,6.938330225068721,4.907697698595043,0.2558281508937621,4.996428573292302,2023
France,34,Female,Secondary,15503,1.7084335068408252,6.710236115996366,7.059211080815617,3.0987304003316574,3.1025548589425354,3.074434683621079,3.359303249614507,2023
Italy,49,Male,Tertiary,45717,4.663707398064783,0.6084616110754004,6.981508309372565,7.247672635423987,3.642029373020008,3.719047066989768,6.359977965397684,2023
Sweden,72,Male,Primary,74147,9.2272729144011,8.080252665509388,7.167903345487513,6.314893471032014,9.69468183068505,1.7091278770923801,8.301603460146858,2023
Norway,55,Female,Primary,50899,0.9394938938639597,3.9852568285097636,1.3486582677942238,4.038596988719628,2.106157781288669,3.057409458093111,1.3177621019070385,2023
Germany,48,Female,Secondary,55961,1.42423308803042,2.425554202986555,5.463486416244462,3.2802593958099937,5.757530969931222,3.2859102115313243,5.645835764153261,2023
Spain,40,Female,Secondary,24943,0.8699927156166498,4.356226678385592,0.8551824244495454,1.6988423145724352,9.842918748598773,3.2370762730520743,5.488288617946995,2023
Spain,67,Female,Secondary,84146,2.2566753371473824,2.4156062478233107,2.641748194932511,6.697911201750079,6.490173196492568,5.767612418786855,9.279149451474957,2023
Poland,60,Male,Primary,55857,7.470374911465317,9.22911882552336,1.2244679208275455,3.794888556681786,0.8898866157082874,0.5199231127586612,5.731875573578925,2023
Italy,58,Other,Tertiary,29589,8.049332377381,4.501679485686514,7.7175203192439055,9.086221683877243,0.299076665469552,5.321910163040359,8.228229423633614,2023
Italy,28,Male,Secondary,82707,6.192129002763371,0.49869396666801236,4.225335019965636,0.8472058995892828,8.672306941828767,8.575945505663734,6.052776298118707,2023
Finland,45,Other,Primary,72017,7.966875140199118,6.249711652234874,1.7253363360885932,6.9229385982863,6.554942093912586,9.579502204541873,1.6718039328291323,2023
France,72,Female,Tertiary,81053,1.1533957030539133,5.1687926634347034,7.338465630016845,7.479905673670631,3.3433716525922588,7.358507361708282,1.5853414212412609,2023
Spain,54,Other,Secondary,26437,7.7669864217260365,3.9994483693738356,9.090037997032791,7.976901787648538,2.6028712258476325,6.098895123161353,4.774889101856733,2023
Netherlands,65,Male,Secondary,66472,1.2158573212206336,8.249375621959933,1.3330961911675354,4.458798590277521,7.927792018525805,7.01759995973823,4.744107540641661,2023
Netherlands,73,Female,Secondary,70844,2.488982905593773,4.818870642570118,9.670525857531224,8.444274258994907,5.891983918418152,4.584801465654581,7.679221397426465,2023
Sweden,42,Male,Tertiary,77099,0.16989521496835192,4.915020340149042,1.0618886534790017,0.008333351333338346,1.2903793782484618,8.783340141088685,6.195346542670537,2023
Spain,48,Female,Tertiary,38594,7.011440884275365,5.601865664955388,3.8389200362750597,5.373389548544022,5.612264008007248,1.1268915092468168,7.5211196589503455,2023
Spain,56,Female,Secondary,82512,7.5803909915242516,6.2834291193870895,9.861604462575306,1.85833287008349,1.1671412307507822,8.488413386285043,5.215777038412065,2023
Germany,26,Other,Secondary,16326,4.452823934130681,4.6928824198191075,6.003349797845294,1.727620925343123,7.876634613186876,0.9084268623040648,1.0256765513729083,2023
Poland,28,Female,Secondary,39503,8.62597759748459,5.757467671355403,2.4232565966764072,5.047427017696366,6.458750517035098,3.86973418292879,5.627988559273032,2023
Netherlands,79,Male,Tertiary,46647,1.1394023610039183,5.7144248944424145,1.7963326731758378,6.432960526065368,4.567508771240339,9.70556943902141,5.790518068843509,2023
Germany,70,Female,Secondary,10714,4.844379182893523,3.153461499793999,9.412837354007399,8.997702419600898,4.460069770182145,4.716900013250433,8.48660919782907,2023
Norway,57,Female,Tertiary,29560,9.766830518043179,2.0315147051499594,9.434425078930905,8.89800016222686,5.571787752795279,2.980643644129446,1.9198655358186711,2023
Norway,39,Female,Primary,54233,1.737303208160732,6.900086031687465,2.989469173272931,1.2477064001748306,8.00031168119595,0.19975999335640204,5.401470866576016,2023
Netherlands,55,Female,Secondary,45121,9.365169230203888,6.1610094688445525,6.242993394521631,0.5864765180259268,9.298614639608203,9.843500379905079,5.913559184170149,2023
Germany,18,Other,Primary,62955,4.648279294109134,0.887188659800785,0.8115877790953863,6.991810309342008,6.292791158396872,8.211195332524216,2.4963119066662087,2023
Germany,72,Other,Tertiary,45806,7.724050306115448,2.1541859986370304,3.8650468896453773,6.831251907987874,9.79547252908987,2.2601292519489125,5.153889066474196,2023
Norway,29,Other,Primary,90185,9.395339502182352,4.464002334070633,8.170068865112883,1.6238962898276965,5.6036785134946845,0.08883034835743597,9.35176515497891,2023
Sweden,41,Male,Tertiary,19413,0.05227788073600581,1.1746491628121447,7.442080673827,0.9163122125893131,4.3570549091916515,7.108176169413425,0.6400769436735798,2023
Italy,57,Female,Secondary,22813,6.318830898672818,6.405037893571367,8.314396847640317,2.475928869673946,8.81582569173149,1.2795175694832173,9.583377188392753,2023
France,38,Male,Secondary,21893,5.850004008239441,7.724946815190512,4.907265488215215,6.75949808964287,1.543089016791661,3.7680544978711428,0.4679233147077577,2023
Spain,63,Male,Secondary,53842,4.1621554255703685,4.194116459224379,7.6338559265677395,5.482903066963228,1.076543938563479,7.202177195393911,4.310663963457404,2023
Germany,21,Female,Primary,50468,1.9101939078096775,3.689509259595134,2.296207633887042,6.47234358405033,7.850220279863931,3.482399057048654,5.174951465172631,2023
Germany,69,Other,Secondary,96227,4.805992070325016,1.1512278481192861,3.33088780790896,1.6902037715532126,1.588075105055815,5.246873962340138,3.191844599375452,2023
Netherlands,19,Male,Primary,25256,4.478432665743284,7.79936803753194,2.4965367928839255,0.07039823063317963,4.299360245582839,5.377960492547071,1.2886507890873333,2023
France,73,Male,Primary,26382,0.5689104479706975,7.178758673764008,9.529323725507954,9.994040380822812,6.688964997230978,9.111822880790308,5.918751609925121,2023
Italy,51,Male,Tertiary,90401,7.182150708269722,4.759999674552734,4.655393119744959,1.3298867282861238,8.261693040764841,7.6418541717503485,2.1058961959453404,2023
Italy,53,Male,Primary,77331,1.3154446620348381,9.795993539864373,8.167673088399104,7.0675642735938755,3.2893033070150626,2.0635755735464767,8.170712641851246,2023
Poland,24,Male,Secondary,54712,0.3180925449918226,2.4865784542321334,7.407505062775423,1.5832258346024597,3.843487530992453,2.560001081327666,1.3122683924656764,2023
Poland,41,Other,Secondary,92704,1.7362490229781913,2.6679749760716485,9.258190051768176,1.1731265987647832,0.5320542389870309,3.1973824048648436,8.459178710968395,2023
Poland,49,Female,Secondary,31858,0.21885172318926172,5.5367992638202495,0.05072753639160932,0.38295613258731986,5.571146438376986,3.4013854185862593,3.4848427121833545,2023
Norway,55,Female,Secondary,74509,6.634413425772317,8.508784267684629,6.42191310674559,3.4804036314594144,1.4194767427066768,5.735149227986808,5.6620906959837525,2023
Netherlands,40,Other,Tertiary,11579,8.973267274699662,2.236946758309908,2.8287231541594027,2.229810963907882,3.621439824170709,9.36768013228697,8.038479595764622,2023
Italy,35,Female,Secondary,99000,9.869040487912809,2.868848416229124,0.9382576605698845,3.4933893393231816,1.1885396442432539,5.094049643774485,2.6604623330054187,2023
Italy,40,Other,Tertiary,84615,4.095993919791393,4.327273837602668,2.3909736917489566,9.717786234233378,2.490748426738576,7.322521530585907,0.17556905604393602,2023
Finland,59,Female,Tertiary,25278,9.559171194862842,1.3203164111865118,7.834266645038046,0.7501427625960866,0.3257558251558734,1.0017718122873598,4.0389965077747245,2023
Sweden,62,Female,Secondary,77845,3.853051790225325,6.833473418486218,5.359643046909936,1.5380687913282132,9.51950506791274,2.030516792278949,0.01861751197055339,2023
Norway,58,Male,Primary,84989,4.050036096610885,0.0721563024476568,3.3809944419158744,5.165797150955353,9.806741066006886,5.924947660475667,6.452461891987662,2023
Finland,79,Other,Secondary,79256,6.412046773076367,9.268843345423472,2.06634807603836,4.60025612714367,1.331387407324962,2.690311215114156,4.3835675650277475,2023
Sweden,61,Other,Secondary,74011,3.4422633302662895,0.25831069454661404,2.5916015591836294,2.612528755211244,9.233149501326489,1.9936155944752354,1.9781733402154367,2023
Poland,56,Other,Secondary,24173,0.6186238275590439,9.422955715025664,7.989119490397641,9.061023323426467,1.0807783270631377,6.43703241937046,0.9863330096134926,2023
Sweden,28,Male,Secondary,93167,0.31750892406355313,4.72437075006484,1.6119289031690498,0.8553814109129321,3.0853552411704865,1.7909886110104545,6.88709971862938,2023
Netherlands,24,Male,Primary,19188,0.382260418457695,4.941315477083325,7.176644491021385,4.9878628396350155,2.8880995946214236,8.093112186732792,6.1801473728424,2023
Italy,44,Other,Primary,55498,1.0350984698926935,2.236301459027991,8.095829734722019,4.953176926987223,8.252811411281101,0.6075572988930367,7.262343067240975,2023
UK,75,Female,Primary,23260,1.9552597133513505,2.098226321881491,1.1756289473800563,4.880835471462591,6.525944228364916,0.16829564109219652,5.60976072253628,2023
Finland,66,Male,Primary,40675,0.3633383481837571,7.547417597177871,7.947577360680067,4.571278911700105,3.838911314942983,4.285662376188669,0.6758102664449384,2023
Sweden,22,Other,Secondary,22391,5.055683823305764,5.7161964657339706,9.25469362385152,7.641353664007827,2.309853033672887,1.1272275877162607,9.326107522469178,2023
Spain,21,Female,Primary,11845,9.805981072261472,4.560364130060989,9.241905498501277,0.7754354744166136,1.0672333603210782,1.3833722449380947,3.375799029164619,2023
Germany,33,Female,Secondary,91670,3.1516808434938373,8.16517251225013,3.6505616027391175,1.5993380074929453,8.24529195326052,4.093274986813416,3.838402086756576,2023
France,58,Male,Secondary,34950,6.734453853303482,2.6252104889463377,9.671845305357726,8.216410348719256,4.7279650974128,3.3884853737429155,0.6280174133649952,2023
Finland,52,Male,Secondary,96709,2.8265318669807735,4.521952516294121,2.18653889118782,3.423569261808309,6.996730673144015,9.291483479961883,7.957291346100463,2023
Finland,70,Male,Tertiary,60812,6.061479037672321,0.48139500015018544,3.5233417514200713,9.31624506753858,9.614702235043099,9.560585185565225,3.4041288122991666,2023
Sweden,71,Male,Secondary,40967,9.480027467908979,9.086477339899533,3.4292033388978727,2.9257783440279574,9.558444581874003,7.211790770214318,3.1001203337101026,2023
Norway,62,Male,Tertiary,49457,8.91502499489218,1.0761541770476868,6.844400498504538,6.4765212323995405,3.8007518586185185,3.201368584924069,1.30604437705777,2023
Netherlands,50,Female,Tertiary,45719,6.439972065528736,7.76991312085433,8.577563314509721,8.432053065416452,7.176356146558845,7.5017988515024205,2.5013556687548046,2023
Poland,31,Female,Tertiary,72012,7.659712254725229,7.012120778085489,4.988317345670131,5.148474804898551,7.523900611678936,3.5103770930566314,2.3951587024327594,2023
Germany,40,Male,Tertiary,13403,6.009639755798015,1.1976099254856298,3.087666851314619,2.206749364978765,6.101546372661807,2.638381063834708,3.4515148344388913,2023
Italy,28,Male,Primary,43074,7.299400590906156,5.868082336980599,0.30423155232769505,5.731464218986439,6.630418170026423,3.937264683056539,5.136033798402725,2023
Germany,70,Other,Primary,33526,3.6507401019842742,9.795721772698824,4.778823876734911,9.892140264544869,1.1652934352089939,9.287353553426742,4.074879536108459,2023
Netherlands,64,Other,Tertiary,21704,7.458864479886559,9.222495550189944,1.30382013708355,1.4898821926822514,8.114065233117806,3.1216247386749343,6.003348874595991,2023
France,57,Female,Secondary,34412,6.787770971831791,2.2369301450561787,3.078183324650605,5.94110554665357,4.09886805587516,8.795638249561637,0.07362821768422179,2023
UK,22,Male,Secondary,54437,4.24739695481919,9.972205742566885,3.894556707270578,0.3143123510421786,2.4470146963276607,0.8804834050335442,1.4881346976130128,2023
Spain,61,Male,Tertiary,46663,9.56064968611339,2.7336107438313273,2.7671478348178935,6.58013414006073,2.586916830548885,1.0776281894475148,1.2605616328040459,2023
Germany,59,Female,Primary,47651,4.272577862102237,0.31678033904951053,4.408234736170566,7.4901723361057915,8.6531669158502,9.536844446712907,5.790095497580658,2023
France,21,Other,Secondary,10022,0.3060432312342676,5.068651929331706,1.7614636011504214,2.5767785974364843,8.71005880912742,8.931989217153081,6.886174809695911,2023
Italy,22,Male,Primary,29921,4.543929066124134,5.894955289838347,7.267514662201396,7.077452823909518,8.341548803719398,8.820325489544775,9.969712380449183,2023
UK,44,Other,Primary,21253,9.450180736116584,7.3160596266627875,5.498729199642298,8.496459324179073,4.154569256891342,7.347707953550804,2.062831201768992,2023
UK,73,Female,Secondary,89032,8.269525368335303,7.7267424246227705,5.5171594910026025,8.344775011323007,0.7693276370607183,6.5797821884292205,6.231929522365924,2023
Finland,19,Male,Primary,69772,2.2486610116590935,5.830656695390751,7.486435549625235,3.210973025878956,3.599315242779638,3.4755007659596213,2.3768312010649395,2023
Italy,68,Female,Primary,41372,3.5447752844033897,3.942936866529111,9.553687761910384,4.211186491737387,2.2206188279963888,5.669661770068944,3.7139251369823634,2023
Netherlands,55,Female,Tertiary,91545,8.34645118922889,8.433091219388103,1.470497683946026,1.1268976222088156,9.072487654230116,5.374245482215169,8.229399539996807,2023
UK,73,Other,Primary,29102,7.369645674075462,1.6819087099112062,9.193462301155154,4.656813889908355,4.207524843901732,2.1802797731897705,6.309650984226099,2023
Germany,65,Male,Secondary,51057,7.955305785518739,7.8955967722627545,0.5160115000331023,9.497117877047032,4.304167513905147,2.853880723327402,0.7851409327746217,2023
Netherlands,73,Male,Secondary,39607,4.674729206607028,9.947732902271957,8.186409127301259,3.5288970964833477,4.122992791873967,5.934464048851939,8.591241062017943,2023
UK,30,Female,Secondary,13822,0.2670243370467906,6.903963655582982,7.859573485796547,2.5194784664967407,4.184098550189585,8.059892602956877,1.424110912831127,2023
Norway,19,Other,Secondary,13253,2.640970620999851,9.671569771566235,8.11481053026095,8.965302019537972,2.9767291901663606,7.421952741841693,9.637451780764529,2023
Netherlands,46,Other,Tertiary,54424,0.7516057508423346,7.6234025248664015,3.329515665963425,8.128147252193765,8.487503043386875,0.6390667561617713,1.571352587167506,2023
Italy,49,Other,Secondary,89116,8.232700775173194,1.5288258637712848,0.9574743234500582,8.100832412242404,9.442324872815295,7.363908546207174,1.7070127021222514,2023
France,78,Female,Primary,79079,4.415893222843886,2.313835735248605,8.26984536749647,1.9177891030184546,7.845048984564167,5.043973862806229,7.173887573329207,2023
Spain,46,Female,Secondary,50660,2.248260419262138,0.7153895294548374,4.92588063149098,5.025267117462626,9.535033008706979,9.69863519735399,7.951718038523403,2023
Finland,53,Female,Primary,94967,6.3922405816257974,7.672626406530954,6.6319230243433545,4.665029541100459,7.584564261172645,9.078704121616767,3.169354142531856,2023
Finland,65,Female,Secondary,55115,5.788126902963783,2.238996153536732,5.99849466751396,6.425510498458361,4.5060795888783325,4.259567026927674,0.652673740066867,2023
Netherlands,58,Other,Primary,59619,9.878345504557725,4.676620283925397,9.967029863551216,5.0350005607989265,8.433826581035394,4.280465983449578,6.304111362014381,2023
Italy,53,Female,Secondary,73559,3.835599224054498,2.88711585745847,1.568095849622615,2.358038481748568,4.071105186804131,8.001707463693918,6.679885894636245,2023
Italy,56,Other,Secondary,38838,5.2308243939522985,3.3527209328630825,4.565115558871593,0.5642754573619813,4.618358360830478,9.878398250752435,0.5777905143953688,2023
UK,37,Female,Tertiary,66166,9.94898695524067,8.56374406885629,9.767131005812237,3.9244557721226823,1.069103899395406,1.9358391163059063,2.3494305925511294,2023
Germany,53,Male,Tertiary,15912,3.243152981607408,9.884303238810908,6.6181453616367625,9.950661317776797,8.152312526306737,8.27895491904412,9.753140090921086,2023
Spain,46,Other,Tertiary,66688,0.5780527091471099,4.398597917840064,0.8490136791031122,0.9811663669857384,1.0488431590618796,0.9499004320389137,5.6861403818776495,2023
Netherlands,33,Female,Secondary,62224,5.180998430107998,0.31216483898101943,8.688729542815514,1.0205987926844584,5.263926326980925,3.3127930857267196,1.851075428934481,2023
Spain,50,Female,Secondary,86977,5.558196708237687,9.521396395109495,2.720289027308822,6.4332070316139776,7.428811872083419,0.16713611267583306,0.8755878695110453,2023
Spain,25,Male,Tertiary,66527,5.560184390524356,9.933487798549528,3.5587253858846046,8.016056871073383,0.28539578657397646,2.9006433750150515,6.616197470638017,2023
Italy,44,Male,Primary,70385,3.7818506674490626,1.145120718772037,8.121076978729533,0.22899959697693317,5.7055469956017255,6.345252223198255,4.008556688111444,2023
UK,26,Female,Primary,33993,2.4434339568812327,9.808810234513631,0.7142724272483225,3.937921311713888,1.2326980248781794,5.576265154610903,8.39392194829757,2023
Germany,32,Other,Secondary,18114,2.8334018994170043,3.444244748122477,6.12936480388349,3.6377206720351127,0.06370572515989714,3.3624073026795562,3.5720607487243217,2023
UK,46,Male,Tertiary,30778,2.2822914245380743,1.7343213804498836,9.751993672530656,8.374658697994008,6.406726817557846,3.917306386096775,0.8744016933526777,2023
Netherlands,68,Female,Tertiary,13229,7.90005987503277,6.985827519406897,2.5712400083136844,2.50667662992209,5.442570907830854,2.1733960275982622,3.258351051681392,2023
Germany,78,Female,Tertiary,95341,4.170913109436093,3.0932864694728748,7.506580546421241,1.3122676933528798,3.607038312464489,8.188838528942888,5.253958731471928,2023
Italy,50,Male,Primary,86982,8.076948097622608,2.7255458007897726,9.416937880355746,8.681570425777235,9.595215037365724,8.75046886166505,8.123694875530438,2023
Finland,64,Female,Secondary,18944,5.701875305155354,1.8572209547979346,0.25050594353767663,9.064207134709804,6.006576008914473,9.082796904930445,5.265567384023378,2023
Norway,33,Female,Tertiary,72877,3.1529781331104125,8.634948385619149,3.8601602613536534,1.9943682685594766,7.996495691212573,8.000810228786197,6.457503682281351,2023
UK,38,Male,Tertiary,31938,4.356229853782331,6.443496757202088,7.373019313464591,7.115746153848006,2.000558143939517,1.373415419488636,3.4453936406530716,2023
Norway,78,Other,Tertiary,84344,2.1378852525365257,8.970259719090349,4.106006856873405,4.545932358945209,6.6128219739531975,8.158720914417822,5.78472739664901,2023
Germany,72,Female,Tertiary,90554,9.25598876338084,5.743056439505648,5.334119087931612,4.078586011383834,8.527716900239144,5.2304790903621825,2.979866466414652,2023
Netherlands,75,Male,Tertiary,12954,4.917161334717921,9.231272169457567,7.247017768989305,8.191200487680764,8.12498337777587,8.033849909909668,6.2049109225591454,2023
Sweden,70,Male,Primary,81465,5.866192249064874,5.32587945250358,1.2225972861032253,0.8421250916842626,6.6981024168551615,1.4256628544327232,8.80622790515757,2023
Netherlands,46,Female,Tertiary,32811,4.587920191888419,4.410065836704419,5.389756087405939,4.745173423826467,5.465192584750228,2.762964639186647,4.154379634233734,2023
UK,47,Other,Primary,53862,4.148486383356681,9.78009488292804,3.760025673391325,4.703570184370015,0.9755229781888253,8.707445537603498e-05,0.2524782079387078,2023
Germany,78,Female,Tertiary,38318,6.041990938076111,3.1832109094879932,6.805946739608048,6.067318226948869,0.5285985737283971,4.142565422567143,6.664112794535249,2023
Finland,55,Other,Secondary,54244,3.204410485264325,9.264557852333859,6.1785888764771695,8.379758360557414,7.397545991137994,8.183040481891663,4.337632831426071,2023
Spain,68,Female,Primary,69802,2.3952699852500983,9.11801987498038,6.927416425171385,1.206683139469601,1.5913087610827026,8.404051816436409,2.45904395838606,2023
Sweden,65,Other,Primary,53781,1.0977101955760682,8.095314819745244,4.43447091445742,8.208325580335885,4.60245762436897,6.479198326524617,3.7884647949026817,2023
UK,72,Male,Secondary,98192,6.450739540228568,3.897651746481089,0.24521868502493716,8.18724661488217,8.888687978691395,5.074888801614122,0.32351560636042387,2023
UK,19,Male,Tertiary,71213,0.21841188557658375,9.444729597183127,9.395667800816174,9.599740029446833,1.5114300432220473,2.7076539938436706,4.67166481627897,2023
Finland,47,Female,Primary,52783,7.385413986975379,8.69337773232863,5.21520279032376,1.8120441906741558,0.9892957893288523,9.925222891836736,2.365941761908198,2023
Norway,50,Female,Secondary,62613,5.390914501963014,7.8604171532313485,5.430150053387639,8.946871143299918,7.427736779424382,8.130730148636314,2.120577079231775,2023
Netherlands,65,Other,Secondary,37608,4.206038633881306,8.442276927404981,8.864150043753506,4.906553015210553,4.621672777625263,3.488424781574352,2.255248895452312,2023
Finland,18,Female,Secondary,87337,0.954010606223733,3.3119989745813228,6.144693570402238,0.9462768138152022,1.9737443520987996,1.165107478606907,3.4562029635099267,2023
Netherlands,69,Other,Primary,85278,1.4963639891404101,3.430886215135649,1.143721583752858,5.8178916401400835,9.030558410221415,8.555283017007383,8.835587353774702,2023
UK,73,Other,Secondary,28704,7.113450704204566,4.352204337000096,5.252287628610167,1.3775657715594691,5.7175250386267535,2.679274164505203,1.2509564839244292,2023
Sweden,76,Female,Tertiary,34748,8.88824620198019,6.7910969963774,2.0611065636755024,0.7558855458338987,1.5544321889557866,4.514504040102447,1.4184816664067834,2023
Norway,59,Other,Tertiary,61476,0.5940142371108748,2.12290625255364,2.2423448396186787,8.31927394314789,8.769284601853437,0.3989542300345039,2.1946863245139214,2023
Sweden,77,Male,Primary,55644,8.675326286873469,1.7893920193269774,5.9040830967028874,4.998979652014946,9.726534833433835,1.835505936423989,0.9059864305258214,2023
Norway,69,Male,Tertiary,13171,0.6260203335191916,4.021155761378585,9.36561808215103,2.1627194508438374,8.107309485548583,1.1385866721458993,1.8409323023411839,2023
France,74,Other,Secondary,63238,3.477180060802855,8.455979954330989,8.346745131376972,3.568827748696953,8.664151890405074,4.877655102119244,8.713465238610475,2023
Italy,58,Other,Primary,87020,0.4413801120350147,7.687730835640259,3.1604412552931285,0.5177329161764976,8.287751398608973,8.28948277326354,8.8674361964329,2023
UK,74,Male,Tertiary,75192,7.8189617026432865,4.196410604673046,7.054249416484925,1.4644537305813332,4.802568452962261,8.970365199768233,5.840023630006995,2023
France,20,Female,Primary,11648,9.085548769243616,1.3541603771533262,1.1156632899588126,5.917940712262281,8.639199001818152,8.75655013635644,3.5235287446140404,2023
Poland,23,Other,Tertiary,76881,4.636831489502048,6.563921482570983,5.230208936373448,7.765621240635764,3.6576535207331284,8.067884081020637,8.907532614989092,2023
Spain,46,Male,Primary,56768,3.2745716541217895,7.604797413431639,4.297177431545563,9.305175223478212,6.6738906775611015,8.931638299978431,0.9341631911900872,2023
Norway,75,Male,Secondary,76177,0.73694807441123,8.670344987578707,7.7177627328867215,1.8928186847084871,7.564550619992374,1.1500088256426833,8.648560435654053,2023
Sweden,72,Female,Secondary,64454,0.46922003259816547,2.252798571187735,4.394839923231153,1.69340236603014,1.9226969676067518,5.445494024354086,3.2377210992976577,2023
Netherlands,68,Other,Tertiary,96189,0.12880666528560458,8.636801918146936,7.389184300632632,6.634738625144678,8.536277416218581,3.1078941946504814,3.986026431476848,2023
Spain,32,Other,Primary,18796,3.4001589543535236,8.500922308658968,0.454563675716515,8.774917248532258,2.550505983149498,1.125718625677402,7.014547711360328,2023
Spain,61,Male,Tertiary,18472,8.398876769688503,1.262526483110168,9.079917603371486,6.533438874519715,9.984018967009568,5.017269395461415,7.437986441046565,2023
UK,19,Female,Secondary,61002,3.816991934146566,3.273463660147632,0.27428840835349244,7.224417086645586,0.8528257638193937,3.2220692754774074,3.139430082311341,2023
Germany,24,Male,Secondary,70513,0.7778030359735333,1.7075670218705918,1.6083311552799984,5.701817144326618,5.5606921176134705,2.8876778643402803,4.788136202661627,2023
Norway,22,Male,Primary,66166,5.343499041146633,6.763496862389308,9.043510166574562,9.044917616869174,9.998924446785006,6.782482573321827,7.736448410295409,2023
Sweden,64,Female,Secondary,50462,3.086519147704949,3.6518267869938823,6.501085298287348,1.753681827531396,4.7493397510503605,2.9987889099159104,0.3149364445241376,2023
Sweden,18,Male,Secondary,76998,9.700609203289144,2.1074256529884696,0.4362041971044972,0.4053537484559877,0.08017199054355051,6.443252142417966,0.1528698256034633,2023
Spain,74,Other,Tertiary,14448,2.4948654757894992,2.9837929508240233,0.6622043639812725,7.125709454886,4.809475423799821,5.263265224040529,4.549236195648627,2023
Sweden,26,Male,Secondary,29473,5.581887112317875,3.551250524181441,8.890645997602853,8.409134898192285,7.156982055066288,9.485515782952003,5.105361741320338,2023
Spain,76,Other,Primary,77299,5.424679802129996,4.804353080978458,3.5327710068845732,5.125732482154212,1.1256098349618293,9.507307143145225,0.09740396571630394,2023
France,59,Male,Tertiary,96346,6.2840880241618,9.845672890628165,0.7376237225699078,0.1371350541715266,1.7197335190221197,8.964814994709066,0.6849762579865715,2023
France,49,Male,Secondary,92991,7.910119544347052,1.6573072088453111,8.138010345017692,0.0014278013340529583,7.944044929049394,5.326333196168327,2.2951534538644394,2023
Sweden,77,Male,Tertiary,17980,8.252912647729175,4.53202894402911,1.2487214037238992,7.4135154312462515,1.4062369610513237,9.038456545006147,1.954481450735055,2023
Sweden,78,Other,Secondary,74677,4.191711082929545,8.021700282290347,4.981062439878386,3.3426077869259863,8.181340076863693,8.943780904455537,1.8064535964691963,2023
Germany,19,Male,Tertiary,14433,9.029973284613872,4.737017144223003,9.919307814012853,4.623857169100644,8.068396503814776,1.014648040156152,4.937774038540086,2023
Spain,48,Male,Secondary,25237,9.095911370567288,8.14633286797597,5.656358834362295,3.7500592891493145,5.379790712732935,8.234234220497365,0.4476526990227503,2023
Germany,34,Female,Secondary,60518,5.7893084962118575,1.6936306742866003,1.0115196535384685,8.196143934508155,0.6655171559170536,8.410020811998567,3.3781033332345456,2023
Poland,32,Female,Secondary,84347,1.5925973942072724,0.33958817650257545,3.254644113053282,0.3916889218498376,3.0326416158392067,4.135344741622447,2.35442044910838,2023
Italy,28,Female,Secondary,12367,0.2632221350498276,2.686339919595265,0.48690812158549646,0.8443434121300208,9.54567638189197,8.541330877605784,7.1452007082547855,2023
Netherlands,58,Male,Secondary,50536,7.877177507566798,3.4363672631611255,0.22066869871219974,8.459573658837511,1.1186694143273124,0.8448484850229354,9.30202921334644,2023
Poland,21,Female,Secondary,35323,1.6605853933820092,5.779840498179585,4.167967989422819,0.9458129872704524,3.711238491471347,5.362339603964573,0.5982831312006709,2023
Finland,74,Other,Primary,99050,4.329399104113918,5.56516718491566,6.174535208251005,9.86714445350196,9.46191536446529,0.7151198595925989,2.1595386410858906,2023
Netherlands,40,Female,Primary,12142,6.639801743407906,5.364986575983183,4.3287449210200455,5.1874412184659455,1.1638123156452451,4.869143648944806,5.105105546337217,2023
Spain,69,Male,Primary,20482,6.370243200874992,2.705700951251039,1.340023084408658,6.706288467914496,9.621589425772754,2.474961118367097,7.5601556697193875,2023
Italy,48,Female,Primary,37218,7.195104995499784,2.843586153557834,7.439343117979529,3.118040383620697,0.8717434329394624,8.323146731912379,4.8761708000459745,2023
Finland,61,Male,Tertiary,51845,0.10063047006243497,2.466108123372719,9.107289424344613,0.9901721091322557,0.9479392409299159,4.5597115847713585,4.891175297989657,2023
Spain,26,Male,Secondary,10795,2.179676087729966,4.770713604744187,9.941291144710256,4.71360828258611,0.01647812267794757,2.3375634490010846,1.3553909137866804,2023
Italy,55,Male,Tertiary,35815,5.50211115432134,4.8453257494850455,6.049313223964187,9.049902981728291,0.6716053995406523,0.6456963936394466,3.7148687985906093,2023
Netherlands,34,Female,Secondary,33554,6.900292482480252,5.596366394741905,5.76389964136323,7.056407787669091,2.2916026047390092,0.47129405095218346,2.4117526268764387,2023
Finland,21,Male,Primary,10700,3.2068582015209546,2.483928152502348,7.11900088231431,6.487132558934774,9.962068652396633,8.396054984380822,4.661722390928138,2023
Germany,76,Male,Primary,93408,4.891636001732654,6.119955970035816,4.867843173608916,8.208431000284838,0.48410950468264935,7.176779905782867,1.9355077148950772,2023
Spain,44,Male,Primary,85006,1.2387556120127463,3.9808909081950308,3.795167550346763,1.7972525856563826,6.844152016336017,2.104951161496799,8.966823194562627,2023
Sweden,38,Other,Primary,34126,4.75526807807391,1.9507121504125324,5.589625823237099,1.7143666882304154,5.183671040510021,1.3298868844061063,0.8401300140963974,2023
Netherlands,65,Male,Secondary,65138,2.2877037556445567,4.86980059303482,6.7595908435883665,8.700975091865915,7.171451741327286,3.4542599187956426,9.687199605697012,2023
Sweden,48,Male,Tertiary,51067,5.284993332434093,6.59568504495283,9.137084929713014,6.025229953159418,0.08650519520263855,9.502778398188601,3.5006537483233426,2023
Sweden,41,Female,Tertiary,68251,9.750562914089873,0.6374517138683322,9.129697776552,9.333229734616813,2.0558023417061744,1.0908242311148109,3.280067057432512,2023
Italy,60,Female,Secondary,12085,2.2834314290482336,1.229496022549521,5.528574713907162,7.222637038260676,5.743184004740682,7.314639236324191,7.690426048710624,2023
Netherlands,41,Male,Primary,22882,8.82191079270216,4.264311357201967,0.8294147435362031,3.5317811150342635,8.761609055165803,4.2388883855209,2.9012409935581362,2023
Netherlands,68,Male,Primary,68952,3.8845181053547395,1.4272605385987613,3.320047861360428,6.018701419491079,0.9081782584086007,8.186183724191327,5.815551369812921,2023
Germany,41,Female,Primary,65163,3.894751313470529,7.971653292335827,7.5850171575278456,0.5983269541509706,9.54123424251739,8.974341999785551,8.42695857862518,2023
France,74,Female,Tertiary,50405,8.496039998057714,7.276656062181565,7.830087302613461,8.485383554878824,6.216393678444097,2.738726003104497,2.558061183434833,2023
Netherlands,22,Other,Secondary,36891,4.691674782322117,5.545484376344145,1.5750595286898617,4.052743277087101,5.837043056918674,3.640055399574438,2.790686221142619,2023
UK,33,Other,Tertiary,17914,9.768830936559583,9.222281630637411,8.280484718688177,6.680219064496788,8.05404929717974,2.1409438899472413,6.014606048794301,2023
Germany,54,Male,Secondary,78206,7.37201498523684,9.697026444189413,5.578181743609313,4.55697839398765,2.2418445990847644,7.005484590250904,8.265258482273568,2023
Italy,42,Other,Secondary,52569,5.8176087623288195,6.978920671990113,2.9747058292578332,1.891460224253434,2.594483665474816,2.184485693869221,4.040196654129133,2023
Italy,56,Male,Primary,73338,5.627017701628244,5.229182102132955,5.4662439900412245,9.435770289556594,7.141411075110779,2.1389067434807973,8.443267163114825,2023
France,71,Female,Tertiary,47648,9.325208235620659,5.092495268934267,0.6200591143371159,1.0427149289413196,8.426409337675825,2.7369211127058812,8.586686376306945,2023
Netherlands,35,Other,Secondary,70393,7.421769722645807,5.315369504457813,0.6171364508249977,6.78849785637709,1.8176447501496718,4.894074628769085,5.655756724684444,2023
Norway,39,Female,Tertiary,60515,4.1756996070502295,9.28212987079911,7.677639966922798,7.011797734375708,7.96082768975276,4.239583780064282,4.981584206370533,2023
Spain,21,Other,Primary,64829,5.454471306662935,8.102239640871723,9.031645056170415,7.3779857540612035,8.754889689810103,4.316234239687739,1.2404610982341258,2023
Finland,36,Male,Tertiary,20343,0.2754328930479577,6.606500729664296,1.6683558933341347,9.468334787677817,8.325028110682531,4.0812790127679595,1.6555254302196332,2023
Poland,64,Female,Tertiary,40152,3.9380709195322163,4.676124083250799,9.808188943472535,5.791542368066307,2.230611433045646,6.084255064689449,9.015548067295569,2023
Netherlands,60,Other,Primary,79518,1.6995505181702497,0.17609876419732995,1.5208033680413513,5.9336671408044515,9.354605823426423,2.1598542431785273,7.6593455766944585,2023
UK,74,Male,Primary,50822,1.5460426497557933,4.226381556393603,7.268663446176024,2.9746348535278564,6.794822520623553,1.1529512808544395,5.838199707158859,2023
Germany,54,Male,Secondary,66442,7.383953003323351,5.684393586246084,2.430708489051673,9.04988092793735,5.5177761554300595,9.928435285752679,6.029371640268444,2023
Finland,55,Male,Primary,33836,1.9074135575198603,8.359763380872604,2.2214223565524858,3.7515127283766336,2.3183483413732606,8.401457784934692,0.9078387169822633,2023
Netherlands,30,Other,Tertiary,81564,8.978829450001523,6.5974597615163235,0.9253463155117803,2.3062316398537797,3.4406861661218837,4.696550430495119,1.2570479579938876,2023
Spain,78,Other,Secondary,19616,9.221136567274005,6.801214136878243,7.6274692847225385,0.8336001636845791,3.8729316863316923,0.9082172249043496,3.826871146080386,2023
Germany,64,Other,Primary,87519,9.544527279984717,2.606113852526314,1.224208104316109,4.948100207199218,3.858856951831926,8.769972967815246,5.083028471027777,2023
France,32,Other,Primary,34306,0.6702478328964367,5.038139949157956,8.609659646941958,6.174730969877741,8.83335124443539,8.084673566604451,9.106194957383405,2023
Sweden,63,Other,Tertiary,66415,4.982393168512212,9.059549793571069,6.108717621644935,9.457735997990675,3.5539474198890506,0.8018477210146491,2.140070284867769,2023
Poland,29,Female,Primary,31496,6.411194922664745,9.781339748907051,6.086522781445607,7.391537285445896,6.196409689939788,4.627155758365729,2.884985334433247,2023
Italy,26,Female,Secondary,94188,3.782904944060106,5.541776994732757,5.700660973325302,1.0589833384824132,2.445144206513745,5.951734184518731,2.223233049658555,2023
Spain,23,Female,Tertiary,61667,2.850711949795963,4.121818072099069,1.5750624382066025,9.022806457611846,0.8236402431754342,1.2125133578561753,7.07819256649738,2023
Italy,60,Other,Secondary,54093,9.146052165654472,5.695560099811888,1.8282592222279415,3.748597728205797,6.855736468152607,0.6177175856048989,7.635429294761885,2023
UK,67,Other,Tertiary,80420,8.893396774831361,5.18032239433618,1.1201212055462106,1.1895216760063443,8.945515237848308,2.6315957086147925,5.244008679260572,2023
Netherlands,77,Male,Tertiary,35179,4.901305220055847,2.524190948417794,8.364514242916233,3.7081729776959236,8.668259317894947,4.689920444189695,0.7519618782320014,2023
Poland,46,Male,Tertiary,37307,9.84006547495086,0.8699622201496782,1.9617030742099084,8.416845350018795,9.757657264815837,6.320976433841268,0.670332783508486,2023
France,38,Female,Secondary,51802,8.741067034958368,9.629569488847281,0.14628214530705397,5.5496150624136344,5.494472969167613,6.6426891047355365,9.936519520675128,2023
Netherlands,74,Male,Secondary,86828,1.2769523564746321,7.174843563782625,9.17022867825324,7.061442084274443,0.5725580559916643,0.816656104799226,2.322786347031207,2023
Poland,38,Other,Secondary,66895,1.0776041729529429,0.5819302819669647,9.527540286286156,3.2259667531387617,2.0116124406920024,3.285493455916905,4.57585687757689,2023
Norway,42,Other,Secondary,77313,1.8467081810331798,1.3995324029205258,0.5973010444633842,8.34325190909309,5.078088835706035,0.1875191476513527,9.834244349816828,2023
Norway,37,Female,Primary,81555,3.283797731622232,5.62683391839167,3.5763379538844076,0.5093879674389323,7.359173315512065,7.27292006887843,6.915843511700539,2023
France,72,Female,Primary,77049,7.8300003213014815,1.7892146434102552,1.1447924970690126,8.645690979198818,3.6926866864432517,1.1459633700693128,3.41610239740207,2023
Spain,35,Other,Primary,40605,1.1713043119568856,6.078802160345187,4.401018646858392,0.11601034299757118,1.861741432282814,5.734937390177317,7.578057013369515,2023
Germany,31,Female,Primary,91505,5.662968780272583,9.618957384129734,3.680552641095849,6.348283431489011,7.567202637934952,8.824479277583873,4.283602040378824,2023
Finland,70,Female,Primary,37724,1.9470632022745515,7.6648909864710575,2.8200134346651726,5.067518925288282,1.2697388068948667,9.505631837484245,7.608179531647031,2023
Norway,59,Male,Secondary,28247,4.055419967652835,3.754336053261784,3.923778111223273,3.205047580739666,4.329650991663105,1.2133792276173816,9.04843315938181,2023
Sweden,58,Other,Secondary,99527,8.05627021633179,3.0608868073789286,2.338886504648775,9.871635935245271,2.0918832616415504,9.47318836731273,8.719686093000924,2023
Sweden,41,Male,Secondary,90609,9.965770392592269,1.2414039942993083,6.214167164937873,4.1412740342783705,7.4427604108966205,8.548907723191604,8.160454496307693,2023
Finland,44,Male,Tertiary,80645,9.56408572230965,9.179021353044376,3.539617355283111,5.8548945928821325,9.868274816074756,5.491817951909093,6.5049085812640195,2023
Spain,74,Other,Tertiary,27492,4.387787653638275,5.279363287776216,2.9186068041726365,6.726355333643105,0.3870412589871297,0.5347088807005751,0.1334058623940082,2023
Spain,52,Male,Secondary,12910,2.765585211028261,8.285488350933981,8.060369253007682,3.3919284177740563,2.395456721898924,5.93965638463575,7.9698535036802145,2023
Netherlands,74,Female,Secondary,16127,5.511779300654335,9.665644203906702,3.0308851356428335,7.647893150655167,8.75690413725925,1.5504150513943515,8.809765928169078,2023
Sweden,65,Other,Secondary,64731,8.992652781765445,1.458503864482038,0.28570338322205235,0.13655435767000124,0.38765645874987875,8.598000746551334,6.918198544509469,2023
Finland,38,Female,Primary,84410,0.15483658633447028,1.5245142786927357,3.6304155135980887,3.058621991302213,6.623319628804838,4.308335667923561,9.081680120173116,2023
Poland,32,Other,Secondary,98696,7.814000129665073,5.725021749692684,0.4525737875131475,8.144212947475086,0.040300950013874015,4.065622003348204,6.34300032849252,2023
Sweden,54,Female,Primary,76307,9.210707761925933,9.53879382541826,8.512697843372047,8.15545284726323,3.951477348774005,8.881035775619898,6.0735922765263775,2023
France,37,Female,Tertiary,33686,0.7166663524993477,4.348412042907148,1.7039526555937368,6.9810118133149945,1.7956161976987495,0.8222250913083506,9.380217780001631,2023
Finland,18,Male,Primary,93177,7.050681603795436,1.2516738298523333,4.55035869365203,3.9977471723303837,6.591912118512008,0.19415782482214095,1.7434893394736217,2023
Sweden,72,Other,Tertiary,81003,1.8328300174404444,9.383774143547136,0.7670106775201002,3.162030008242872,2.162965596289385,1.92664440846124,1.8663377193929231,2023
Norway,67,Male,Primary,14166,1.6152833244645837,9.52459548127432,9.760942105001552,4.58399414920327,8.397218604957136,2.800724305739968,4.182562075505787,2023
Finland,21,Male,Secondary,25864,4.3312260369695075,8.549126922917026,9.855123016141127,2.7873218004211098,7.703684095197611,6.063387146257163,2.8714258332411258,2023
Italy,44,Other,Primary,25121,5.621238201670077,5.959596280932267,5.2091979306319045,7.239088089589468,5.872374729095906,4.2753401203826655,8.641489090730381,2023
Poland,40,Other,Primary,92734,2.7524681973938305,4.72445374250856,5.035942191662124,4.533152886480445,5.63780161876506,5.024336992077939,4.817839085584605,2023
Italy,49,Other,Tertiary,29240,2.153810207263108,8.486057484120801,3.438274929483499,9.771978775795958,8.626266252923836,5.132680950106355,0.7677100131459813,2023
Norway,26,Female,Tertiary,33247,1.2544377732805312,8.104499786317632,7.246779340423853,2.780678046873123,9.271743091327812,9.003030353411056,6.1321647127812495,2023
Italy,60,Other,Primary,61129,7.928180314352597,6.7243247038086125,3.7967514556443116,0.7753227996640921,0.04671898934739738,6.006040679806687,5.821899374792854,2023
UK,51,Female,Tertiary,25597,5.627369673629978,3.064618859856485,1.0920853846217249,1.2166566114885236,4.679011289665377,2.4949937733171046,3.167390526528304,2023
Poland,20,Female,Primary,76614,9.38590662374407,8.198439035875658,4.368005082979856,1.11931928727383,0.24673136272166163,8.588169442618758,2.199003039540306,2023
Sweden,56,Other,Primary,99605,9.263731806452148,3.8601938146695494,4.345298510943255,9.091149401025072,5.9551655149097495,4.758478988234785,4.075207054754765,2023
Italy,52,Female,Tertiary,68039,8.295411313808424,5.648663426345126,0.2790732851016997,8.415204049639206,5.151216278558052,9.647788158401164,9.403403774004099,2023
Italy,44,Male,Tertiary,99160,2.599811083938657,5.260756747740315,2.1712972098729546,1.7274929104328673,4.573725271098192,1.8064015148751045,9.793576491011034,2023
Finland,73,Male,Secondary,10299,9.383931017758286,8.556054913442853,2.434999193479439,0.8731379242400916,2.652666949742859,9.84600336911951,8.850409374813143,2023
UK,20,Male,Secondary,79881,1.8336633084419784,4.698846520511843,0.31439633577912796,6.241802314970855,1.5255664171256011,1.5376123727128865,7.022358589797829,2023
Netherlands,50,Other,Secondary,44526,1.6227187369786644,9.377120883334252,5.19173560440719,8.164413747471729,2.045813065423835,8.058808258884193,2.029408172371745,2023
France,56,Male,Secondary,95625,1.8567610241183485,4.959091014105449,4.981662717703834,2.8251473053491516,0.13534401224547188,2.624246198901168,1.9138393551668698,2023
UK,43,Other,Primary,71693,4.988490758198282,1.445638369364095,8.601091336127094,6.135953016291293,9.387545152130585,9.939575549717448,6.8048648717119296,2023
UK,74,Female,Primary,10560,0.5228896476536127,8.900947654939602,4.477415669658753,6.306002793232079,6.3749822329182795,9.909818988206121,0.6630894067042115,2023
Spain,53,Male,Secondary,20638,5.014007961007929,6.333004623364015,6.816662542973182,6.15463228851227,5.1956845812704895,4.115967323609247,3.332223860405973,2023
Norway,29,Male,Primary,62237,4.163489804874204,6.280623672980825,3.2983559165556553,4.663524017574874,0.4551200322534643,2.505266414868328,4.319038600588718,2023
Spain,18,Other,Tertiary,37470,1.4678821493291483,2.835634200445295,9.533604918996257,5.719462305121532,4.880009127937384,3.313770390277233,1.4495123340523652,2023
Sweden,25,Male,Primary,85652,4.4127628870333275,1.8355121733067326,2.694213043839291,2.358120789890319,7.015587420668975,0.5669836431987318,5.0442496152414495,2023
France,47,Other,Primary,83036,9.143224020252806,9.27222725600015,9.901565882925997,2.314118920348335,9.19768773816578,9.177052172472177,2.6177490731905353,2023
Germany,40,Other,Primary,82848,5.053095159634199,8.11525243353653,0.3630614855095471,0.9818617989454181,6.643876301682914,3.2094148121972212,9.581230976434705,2023
Sweden,34,Female,Secondary,44557,5.196312023116373,6.464931833122359,3.5375389366012486,3.0140923346420467,1.2497434960509657,9.093323453796323,3.6598508540011574,2023
UK,74,Male,Primary,99255,7.9598569245169335,6.950528058030615,0.03764599169448268,1.321122052717889,2.9087270456792877,3.8593783637876014,8.59584363293003,2023
UK,40,Female,Tertiary,79856,9.476676294529367,2.595292579793216,7.294448628210965,0.8778312161349688,8.465248366202898,2.232239979924299,6.53536084857482,2023
Netherlands,62,Female,Primary,87053,3.194638810276893,8.950003381438144,2.1280348517968886,6.206699734421206,8.397797811603798,5.024393510998696,8.128943705911606,2023
Sweden,56,Male,Primary,27221,2.768766205598295,6.383890240358422,2.058791443141894,9.723024216206413,6.227718993134545,2.41168957980491,6.403455241299536,2023
Norway,77,Female,Primary,94365,0.49594920940182696,9.4683993592008,7.90597723116432,2.1905169430029483,0.5487211482658083,4.450811949624372,9.50715437257631,2023
UK,30,Female,Primary,97071,0.9451153284345459,9.848377551205946,9.549069946494752,5.52844134876087,0.3608785932713787,6.139998297878186,7.946887488751711,2023
Netherlands,23,Other,Tertiary,60882,9.978414596730483,4.025945749572406,5.158915675345426,8.746087869743493,7.4893159904120825,2.08390076316575,5.65619791472866,2023
Italy,59,Other,Secondary,67052,0.7058274058223113,9.496415841360248,8.925115391525383,8.832014822548238,6.689583392617879,0.07328711262273857,1.4928631562192363,2023
France,72,Male,Secondary,70796,0.39592422717895426,1.8400884549402508,0.5069456157074925,6.595204586606963,8.831253183069618,6.46566667862063,0.11011547535425104,2023
Netherlands,39,Other,Tertiary,94355,6.5902435314811445,3.9344061344035763,8.601912234208958,7.22853579173777,7.417967568951013,7.399624084763156,2.48860323082271,2023
UK,63,Other,Primary,17383,1.186446782080185,8.709907204072058,2.6841214611625928,7.959482936679375,4.736464205316695,1.3520975302419624,9.514693960401654,2023
Sweden,34,Other,Primary,39644,3.421776969402466,6.050896323826047,9.803717555047882,9.762471606669456,2.5514695512553165,2.542352937726532,1.8800978019736803,2023
Norway,23,Male,Secondary,27666,3.4591108179868755,9.149026726721596,0.31773804784611226,0.06965186743489005,3.3361840690419786,9.064410467550147,5.963488468537842,2023
Germany,53,Other,Tertiary,74009,3.0750850714764932,0.3796931555939387,4.762072256210205,7.882245042048604,9.782372535608012,6.62367512451017,4.24247932591005,2023
Netherlands,35,Female,Secondary,81684,3.9754377373086056,4.549724808911797,9.327743333513936,0.828909039156529,4.853788577734095,9.97368125501019,3.141426093562436,2023
France,51,Female,Tertiary,76629,7.88125872250138,2.7226913707651903,8.253512790365768,3.8548450615165795,5.08171643027827,2.6664117101929294,7.2002642374273575,2023
Spain,45,Male,Secondary,66944,7.571976625672946,6.85697548511651,0.30206072616377977,4.406914467906194,8.337735008800044,2.013953108143436,9.413737417942107,2023
Italy,52,Male,Primary,26863,2.5245217307178205,8.690232153203805,4.392806416452013,1.8821259287688852,8.309997429040088,6.269694459528105,6.1991841570944795,2023
Spain,19,Male,Secondary,90302,7.1977505623180384,1.5425367088181996,6.7572771306909445,1.2282813362532752,9.920972624977681,2.2882909372792404,8.07605127888365,2023
Sweden,58,Other,Primary,48540,5.5693774590807195,7.247431975893621,9.12360597345555,7.422849341329195,4.385776874266653,4.57338738577953,3.035290185689793,2023
Spain,27,Female,Primary,70462,9.807481631590605,3.2447471160373773,8.831384501897908,4.641335536607638,8.242892726250346,5.065393766934129,5.754876874338633,2023
France,18,Male,Tertiary,48144,0.5871334331597888,2.509730069777958,4.294521489468288,7.271468716390097,8.61715792025749,6.173527165165722,5.197654034634041,2023
Italy,31,Male,Primary,94431,0.06579932747242778,7.5579878860359315,5.925619676826689,7.383950040017089,7.460977921115649,2.6659936271160234,4.9274344752789565,2023
Spain,32,Other,Secondary,99451,7.713199043672175,8.352185874146565,2.7139288475442136,2.585145348264599,0.7013095510716971,7.401045769484823,2.584517468272489,2023
Norway,26,Other,Secondary,47101,4.564551765847007,4.700272674994265,3.306951289669644,6.40854010349182,0.6420580038724577,9.424442673902615,8.561098842423778,2023
France,46,Male,Tertiary,28809,6.751270289094878,0.4884414461970432,2.4122165489982783,1.2634356873387242,7.836986517789001,1.060458775564005,8.125583073255653,2023
Sweden,33,Female,Tertiary,85090,0.7078338057321232,2.0633577115661805,4.261748902072817,5.160884314283657,6.024763640802671,1.146139535603914,9.168661057744181,2023
Germany,71,Female,Tertiary,36675,3.035933898478731,0.4398730581152177,0.6263674190796098,8.161816469090464,7.301564165941036,7.341189498652959,3.130521752873694,2023
France,35,Male,Secondary,67872,3.2741756378726428,5.187529733536238,6.16929694072947,8.757834997639067,2.9325773360802065,8.213273541866679,7.6891072604295685,2023
Poland,61,Female,Tertiary,92069,7.053482153412647,4.967116965331456,2.0244393318308807,6.9818101180787675,1.2215411299243273,9.12058752308081,3.5801798531370177,2023
France,66,Male,Secondary,50624,5.604630313523113,1.5425142089082489,7.269197656514845,8.11085199619871,9.598114847355458,1.3065606391951556,0.09662384412909786,2023
Netherlands,35,Female,Secondary,65890,9.250508235610017,3.9783837771981068,5.451765564755676,4.827266747651413,5.087313034566863,1.3428583794829019,5.354447882841063,2023
Poland,60,Female,Secondary,25535,6.4950533808406385,0.11153739147122255,5.0417499054507875,1.6613501469233682,3.505211156903126,7.265895633635502,8.615589039455152,2023
Poland,22,Other,Tertiary,84380,9.479653041302234,9.883890472043674,3.467727423052568,5.525792106734561,1.1264465573614224,4.821867937103429,6.808673246966981,2023
France,44,Female,Primary,65489,2.5891460654424323,9.726351077890005,5.534059056482517,0.9185546647509357,6.756850167877958,9.644837432121655,3.0898333610638073,2023
Poland,71,Other,Tertiary,90799,7.745472877365865,0.4091349618717277,0.4351888850436536,4.631192258874361,6.487233936715332,8.580476149835793,5.109412164908448,2023
UK,31,Female,Tertiary,49168,5.549199557532246,9.855739604439632,5.702145114493612,9.85351029884189,8.812532712403225,8.925191118158182,7.630353970027365,2023
Sweden,32,Other,Secondary,35473,2.422951219723987,6.566442887446268,0.8996490844832283,2.1469452882061435,0.4880761006435552,5.557662996229275,1.7291797430316624,2023
Netherlands,33,Other,Secondary,89803,1.0540872561314485,8.089235731905625,3.4578923810551854,5.499109665818453,3.211475103979562,5.880876626698566,8.858340551326814,2023
Spain,37,Other,Primary,27849,2.3638609371905916,6.786126933820541,2.575072226528341,6.098232996070512,2.1695002564332446,8.710733788477809,7.871597811607607,2023
Germany,60,Female,Secondary,26287,4.312828600671662,1.266645998832182,4.373965794356568,6.088523627490146,5.819171600295366,4.360868125836086,7.82248605501165,2023
Finland,55,Other,Secondary,91643,2.8965512792254833,2.050341891493849,3.4841176363524005,0.38251144477343124,7.476362826160944,2.744785601385722,8.298891970677833,2023
Netherlands,77,Male,Secondary,17777,0.2690291719989435,8.53522410054291,2.792038821597874,0.12195019877489721,8.046632286583932,6.661388657785162,5.149013472294329,2023
France,26,Male,Primary,88838,7.849833074671326,3.6047272164623423,3.423703533196558,6.587804773599927,4.122395538446156,1.4076947293311393,7.68850871996105,2023
Finland,59,Female,Tertiary,74691,6.248166233637839,2.10809265057603,4.368420426912932,6.1075579769855315,7.382243704162182,5.1551035187666105,3.8901197886738204,2023
France,40,Other,Primary,71148,8.918600702675917,4.100195590407504,5.532201936860432,7.353857164237643,2.836210913346947,2.8164188850601724,7.1443857960335375,2023
Finland,53,Female,Tertiary,78595,5.1175368626106765,1.5989646613115915,5.065048215540541,6.132740333412184,2.2319871451662356,7.477650503833532,6.850444015939186,2023
Spain,59,Male,Secondary,36576,8.49264863038629,7.460924519213532,2.545379195686188,9.844902232522095,5.347320244441534,9.560899379365397,5.2298041331617195,2023
Poland,48,Other,Secondary,44538,8.819989227437421,1.151958947815116,8.978648472518568,4.823185690640285,9.67727095253672,3.0313337203776936,4.789396230868578,2023
Italy,43,Female,Secondary,75405,6.851061399625438,6.912652962050913,1.13832413736632,0.6004055054754576,9.066880651508306,0.1277224764137841,6.61224392987979,2023
Finland,74,Male,Primary,76086,0.6882358207494754,2.934385260697525,2.3014050685761553,1.9609661622210084,5.538082483712849,2.463862068239322,4.026837243261426,2023
UK,62,Male,Primary,72715,4.6979396073464645,3.7218336931347027,4.975683660234789,2.0509911328381603,6.101583785808654,4.470286613260914,2.94280148998416,2023
Sweden,22,Other,Tertiary,50051,9.197760035601974,3.13305841390605,7.969105800218907,6.019655488426591,6.348310365678412,7.093314689713903,1.0144146520524089,2023
Netherlands,57,Other,Tertiary,35220,3.0034291400840107,3.554473019299592,2.506627846526719,1.492933741322443,0.9085540005256598,5.103847848933787,8.623783366716454,2023
Italy,21,Other,Secondary,87426,4.153944509369993,9.015887942737677,5.015148794024167,0.34137007028114286,1.4782432403857138,8.710142132868393,4.076085157445904,2023
Poland,75,Other,Primary,17603,3.074661334610449,1.6365298842236908,3.1761664269042966,3.77801011291376,9.144456010551158,8.812529018576132,3.2606361769870986,2023
Germany,24,Other,Primary,73969,5.995763523288299,1.1470484935749736,6.917873528277102,8.775741904404589,0.77695764010699,1.1259278495945435,7.761745096419146,2023
Netherlands,23,Male,Secondary,15867,9.116531338288604,3.5249997197124303,5.694174113696823,2.220688916195251,8.89559752025349,2.1901659072604707,1.4527089069024501,2023
Finland,70,Female,Secondary,51859,7.1038084655295375,8.632420291181402,2.87759205926305,5.207785790510988,4.35282581959902,3.037061635671959,2.0183442024546947,2023
Netherlands,74,Female,Primary,96187,6.630617523643464,7.713635168030919,7.340120557967738,4.869350821113919,2.0576764871480115,4.841348861938608,0.09038666774118465,2023
Sweden,40,Female,Secondary,54288,4.087108995646064,0.662141517261674,4.484379705664222,4.679710527783529,8.177185682612748,2.9052042242180143,6.777649639420813,2023
France,47,Other,Tertiary,37294,7.849308089919353,1.353111017905747,5.710933041574178,6.232157110264954,9.545391184723455,3.0351510476147747,4.112707856813801,2023
UK,56,Female,Tertiary,92194,0.25434268350639555,0.31511291464335955,5.751414558402976,8.037846795449926,7.231473361240771,8.70232518316299,1.4688939482211116,2023
Germany,33,Female,Tertiary,77524,4.916455895069952,3.2728352455946452,5.670706430454046,8.901582248168715,9.011027761331745,0.3869684734571155,0.3698913480016597,2023
Spain,57,Other,Primary,89811,9.984204739073386,2.7537670928602145,3.007610760466023,5.91220263906013,0.6544331730321862,4.948046889368181,9.604047182130742,2023
France,31,Other,Primary,79739,1.1304495320028873,1.1068721249745084,4.840831440221741,8.691222227440676,8.786552000601723,8.834760803841949,1.6580921946256433,2023
Spain,19,Male,Tertiary,55327,7.048010650851351,2.073678074127616,1.2817665674224588,3.1363244160056025,6.934953528077794,6.735448613757421,6.188945636099065,2023
Norway,33,Male,Tertiary,83330,8.801371091707873,9.260985904132134,9.228025737369636,0.28756993032378775,1.7650228585692485,6.925439686256033,0.6915344258595069,2023
France,53,Female,Primary,73445,5.320201526810172,7.9521847630832365,5.257561868954252,9.501467481588335,8.730349021355044,6.082583992364702,5.991671639629733,2023
France,58,Other,Primary,40630,3.8591194337638903,6.559747124721385,9.400709533505152,8.956935165025975,6.281004278876017,3.969981468789061,4.066978387540205,2023
Spain,77,Female,Tertiary,48174,0.6633904639950305,6.2667480667044355,5.049882194022808,2.5153503960861503,4.088975921268441,9.383890191565898,1.241743698283031,2023
Norway,57,Female,Secondary,98067,5.060217015091833,5.54243700943891,5.46217019026945,2.7623297927119825,0.5726905276716854,8.42380287309517,0.35412025388130597,2023
Sweden,51,Female,Tertiary,32208,9.363726632332048,7.952193931291067,5.111443397461945,0.3817927392468412,3.7670042885527066,5.229985932780366,8.945762659330219,2023
Italy,61,Female,Tertiary,58826,7.883641428843503,8.292539065794909,8.250088468875788,8.174821371809022,2.3229392513428815,6.151581470737385,9.166637438722349,2023
Finland,58,Male,Secondary,76857,5.117484774159818,4.261072519333121,3.066854218646049,2.5626142648208763,4.109101972449672,5.067292071698807,0.7603324585234661,2023
UK,20,Female,Primary,90199,8.261151660354075,3.1593938186389083,8.463171270780613,6.164223797920317,7.425588123313101,5.006396565593406,4.741639367883762,2023
Norway,77,Other,Secondary,93794,7.329789677242441,6.391283217112629,1.6825347255406242,3.851050906910003,6.3747485348361375,6.319444119792886,5.206864295608825,2023
Sweden,56,Female,Primary,55580,3.573432294203135,6.90373932946462,5.201488403890336,4.435724887877152,9.038012324138528,3.5624145699085883,2.5219254911508795,2023
Sweden,64,Male,Secondary,18737,3.682732869666754,6.780669417545129,0.685506022630954,5.374432216276055,6.359646342715559,7.110311231546927,0.8263265581729229,2023
UK,31,Other,Tertiary,76794,6.0675435936114255,9.135884434078195,8.117758393786184,2.648367556300475,0.402534161185647,7.907247820166551,8.963887138636377,2023
Germany,46,Other,Tertiary,91761,3.980464997736904,5.21187305267404,1.1816915924326732,8.061206679111267,8.231366604587368,7.965391016657338,9.903161212326918,2023
Netherlands,36,Female,Secondary,74788,7.398783840350012,0.37991081513923497,0.9220252428056663,8.291951992669294,5.101956704692921,7.504682143205143,6.252858497171838,2023
Finland,51,Other,Primary,41639,8.37975227495627,8.267780487155749,8.88391903458807,1.4645847595399109,6.4197002051715835,6.4499877591097965,6.813257337786077,2023
Poland,45,Female,Tertiary,48393,5.521975721807256,1.3464450489106616,5.272507213316848,0.4336800713948341,0.06421314631254171,7.397318953576678,0.11300329418333255,2023
Poland,42,Other,Tertiary,24797,2.198699529300109,2.6441403251866458,0.20854774231959694,8.531178559767685,6.1829446155214285,4.721246664892142,7.331896899614119,2023
France,78,Male,Tertiary,92172,7.860333518232715,6.659385509175536,7.183745971881658,9.85644252093025,1.1593349762866922,3.2847696653422487,0.7004401114303671,2023
Netherlands,18,Female,Tertiary,13696,4.303021394828215,9.83863609711338,6.494225188731648,4.8826514219224935,1.5956792436456912,1.3057474745850473,8.695027671077401,2023
Poland,73,Female,Tertiary,51162,5.699334159040758,9.54744689157475,8.670826366162387,8.719142988459215,9.42756534095915,1.1226282436119728,0.3730112934020524,2023
Poland,75,Male,Secondary,83154,6.541518313739784,6.859206505169216,0.17956989756255815,4.181765250950585,9.714335175301859,6.786988103423914,9.679478093602867,2023
Italy,66,Male,Tertiary,27309,4.924527843712296,6.876907981551547,0.40284908854750556,3.3110690829043543,2.452493840226916,4.5953807495296894,4.953472265717282,2023
Poland,62,Female,Secondary,55475,9.813436081021173,1.7416858245164712,2.4036370637796276,9.403405442437727,3.9270843634500574,8.024116439406527,3.2331591723099917,2023
France,41,Female,Primary,11918,5.774944673873747,2.102678479940634,1.763930118792647,7.0755420034056895,6.804048859987121,4.633758198341877,3.8273715974370925,2023
Finland,48,Male,Secondary,96207,9.831747939076733,8.143085951146055,1.3507312705964125,3.7068759056690013,8.139790388478543,0.5958820196961234,1.9319871498050767,2023
Norway,48,Male,Primary,22943,4.999871912370125,1.4963960273434151,5.85791300459652,4.836575215103785,4.676814115991056,9.654052675581395,3.435998851303237,2023
Germany,28,Male,Secondary,33125,2.6152198910760003,4.748109449506742,1.6128818664954314,8.002637627225123,6.211443131188701,6.164747215402376,4.573444704805707,2023
Germany,68,Male,Tertiary,12376,3.3900166857444978,1.697796940695686,2.1489085238664654,4.6474133898858225,0.6736855680824139,2.812592106524593,7.909675927709319,2023
Italy,67,Other,Secondary,74710,5.625892829546268,5.758670112168021,7.284796379503627,0.30442181092611875,2.9547460981720897,6.789742364144581,0.04178828472134244,2023
Germany,50,Female,Secondary,95522,4.6767919586723306,3.6026223857036688,2.3286744596390596,5.625693300957286,9.1067010385334,6.093715368221295,5.61228488546573,2023
Spain,22,Female,Secondary,78840,2.9198897178350514,8.972483676276337,2.2132034850225923,7.663220309033331,1.5969172538198773,6.908210107908252,0.7158747687175382,2023
Poland,38,Other,Primary,17208,8.08298776330991,3.597291180906014,2.5269485849565507,6.930318777888661,0.6881193845757461,1.9741330877940888,2.006357699743303,2023
France,42,Other,Secondary,54163,6.677442860033601,3.512211523645332,8.484345675765187,7.8301306186432775,1.0991904957397047,6.281022010999418,6.125640764035118,2023
France,68,Male,Secondary,68661,9.425690592644562,9.791428502955753,4.585149341898063,2.0244896942226576,9.386640819119362,0.20808012296868794,1.6757169351146572,2023
